pid,name,description,num_tracks,num_artists,num_albums,num_followers,collaborative,modified_at,popularity_bucket
969308,Elvis Costello,,194,3,37,778,false,1449619200,moderate
62957,Ellie Goulding,,57,6,16,154,false,1425081600,moderate
577009,Rap Playlist,,74,51,60,455,false,1474848000,moderate
507221,Spotify and Chill,,18,18,18,315,false,1447718400,moderate
214454,october,,30,23,23,124,false,1395878400,moderate
710636,Unforgettable,,20,18,18,839,false,1495238400,moderate
922264,2014,,18,15,17,134,false,1467590400,moderate
952055,PAINT,,52,51,52,287,false,1508198400,moderate
818686,Lucero,,224,5,22,286,false,1478822400,moderate
355541,Chansons Francaises,,140,85,121,552,false,1498608000,moderate
615716,grlpwr.,,50,49,50,174,false,1403568000,moderate
357017,summer tunes,lil jams to spice up your summer,199,113,147,100,false,1502841600,moderate
360122,Fun music,,237,125,168,483,false,1508112000,moderate
230978,Inspirations,,28,23,26,515,false,1409184000,moderate
285618,Spring 2017,,82,55,66,190,false,1499904000,moderate
541366,Wicked Games,,40,31,35,380,false,1507334400,moderate
61634,üî•üî•,,10,10,10,867,false,1489449600,moderate
33783,nick,,31,27,29,216,false,1491350400,moderate
21486,sad chill,,19,14,15,448,false,1416355200,moderate
118504,ROLLING,,80,61,65,858,false,1447286400,moderate
72706,CLASSICAL,,23,17,21,125,false,1450224000,moderate
194940,In My Mind,"From old to new, these songs have steadily remained some of my favorites. Bringing back some of my best memories, I hope they create some great ones for you.",33,23,24,535,false,1487808000,moderate
581930,Summer '16,,36,26,32,234,false,1470268800,moderate
184692,Work It Out!,These are songs that get me moving!,8,8,8,193,false,1442275200,moderate
850937,angry music,,162,62,110,503,false,1379635200,moderate
875956,Brittany ,,28,25,26,1,false,1503532800,niche / personal
555261,21,,39,29,36,1,false,1415923200,niche / personal
940286,WeD,,92,60,77,1,false,1507334400,niche / personal
805151,üá≤üáΩ,,242,117,188,1,false,1502323200,niche / personal
468658,80's,,29,27,29,2,false,1401667200,niche / personal
390006,Don't Stop Believin',,40,29,37,1,false,1509235200,niche / personal
675143,Airplane mode,,40,27,33,2,false,1489104000,niche / personal
135247,Feel Good Oldies,,50,40,47,2,false,1453766400,niche / personal
191951,Frozen,,10,7,2,1,false,1389484800,niche / personal
255440,good vibes ,,94,71,85,1,false,1503273600,niche / personal
326912,Poolside,,63,44,55,1,false,1438905600,niche / personal
772073,Running,,13,11,11,2,false,1407542400,niche / personal
249107,Gloom,,94,76,83,1,false,1505520000,niche / personal
340901,like,,170,141,162,2,false,1509148800,niche / personal
309177,disneyyy,,13,9,10,1,false,1486339200,niche / personal
182730,california,,77,58,66,3,false,1439337600,niche / personal
203079,Jesus,,77,33,52,1,false,1469232000,niche / personal
983106,Film Scores,,99,35,72,4,false,1505001600,niche / personal
505658,Car rides,,62,48,55,1,false,1501200000,niche / personal
734654,Rap,,17,16,17,1,false,1502236800,niche / personal
397048,WORK OUT,,37,29,36,1,false,1448582400,niche / personal
769503,my music ,,9,9,9,1,false,1465603200,niche / personal
525984,white trash,,25,20,23,2,false,1507939200,niche / personal
197670,zac brown band,,20,4,9,1,false,1496793600,niche / personal
35004,Back in the day,,75,60,69,1,false,1439769600,niche / personal
887998,Baila,,15,13,14,1,false,1497225600,niche / personal
384563,Rock Playlist ,,72,43,59,1,false,1496534400,niche / personal
635613,Lake,,55,24,45,1,false,1404259200,niche / personal
797048,World,,25,22,24,1,false,1500336000,niche / personal
378754,road trip,,247,141,191,1,false,1445385600,niche / personal
335839,Summer '14,,50,39,48,1,false,1413504000,niche / personal
851198,Run,,9,5,8,1,false,1498089600,niche / personal
627029,Tejano,,24,9,16,1,false,1476230400,niche / personal
61895,february,,31,12,21,1,false,1454544000,niche / personal
465262,mixtape,,7,7,7,1,false,1482019200,niche / personal
822985,90s,,26,21,23,1,false,1383955200,niche / personal
789379,Hip Hop,,15,11,14,1,false,1437436800,niche / personal
59583,summer 17,,27,23,25,1,false,1509148800,niche / personal
810878,Stuff,,6,6,6,1,false,1405641600,niche / personal
117440,Classics,,104,78,97,1,false,1508112000,niche / personal
127584,super chill,,39,11,16,2,false,1425427200,niche / personal
157989,party,,60,46,51,1,false,1497830400,niche / personal
123736,üí•üí•üí•,,34,28,32,1,false,1508803200,niche / personal
170507,Grouplove,,10,7,9,1,false,1435622400,niche / personal
30046,2016,,217,113,157,2,false,1499385600,niche / personal
523753,sleepin,,26,21,26,1,false,1487635200,niche / personal
52342,Childhood,,188,20,51,1,false,1390694400,niche / personal
96890,Emo af ,,47,10,22,1,false,1493251200,niche / personal
935927,Feel good,,28,25,28,1,false,1486944000,niche / personal
797746,my music,,65,40,46,1,false,1479513600,niche / personal
195356,Mix,,107,54,79,2,false,1508198400,niche / personal
631293,Larry,,237,121,187,3,false,1508284800,niche / personal
494482,Reggae Rock,,48,7,29,1,false,1398729600,niche / personal
646407,Beep boop,,6,5,6,1,false,1430870400,niche / personal
32036,Afternoon Delight,,35,30,33,1,false,1473552000,niche / personal
63033,Classical,,34,21,29,1,false,1490313600,niche / personal
21075,happi,,129,85,109,3,false,1509408000,niche / personal
823128,favorite,,39,26,34,1,false,1488931200,niche / personal
416420,mood,,87,58,66,1,false,1508544000,niche / personal
552208,Rasta,,19,6,7,1,false,1504656000,niche / personal
571292,other,,52,42,47,1,false,1467763200,niche / personal
78963,Dreaming,,230,169,205,2,false,1509408000,niche / personal
728713,Skiing,,127,72,97,1,false,1508889600,niche / personal
510012,Ingles,,51,41,45,1,false,1472169600,niche / personal
316195,Music,,106,70,87,3,false,1486512000,niche / personal
497027,Nicki Minaj,,52,25,37,1,false,1509062400,niche / personal
238195,drive,,43,27,36,1,false,1501804800,niche / personal
614845,CAR,with mom so its not all rap lol,139,102,127,1,false,1509494400,niche / personal
519806,Oldies,,81,44,68,1,false,1480204800,niche / personal
352433,Sum 41,,183,143,172,1,false,1509235200,niche / personal
775393,Emotion :),,26,22,24,1,false,1508025600,niche / personal
898074,Workout,,57,30,41,1,false,1478304000,niche / personal
487435,hella,,110,18,36,1,false,1489276800,niche / personal
610505,me,,14,13,14,1,false,1465776000,niche / personal
323725,Ye,,41,5,16,1,false,1457222400,niche / personal
430144,All Songs,,48,40,44,1,false,1506211200,niche / personal
342065,Wedding,,82,65,79,2,false,1472688000,niche / personal
95886,Others,,90,61,75,1,false,1429833600,niche / personal
675571,chillin,,33,30,32,1,false,1480896000,niche / personal
117131,Meditation,,27,13,22,1,false,1444176000,niche / personal
246733,new worship,,24,19,22,1,false,1454284800,niche / personal
352337,trap queen,,51,18,29,1,false,1498262400,niche / personal
584913,November 2013,,26,26,26,1,false,1387497600,niche / personal
879138,alternative,,79,18,37,3,false,1495670400,niche / personal
584952,Thoughts,,189,8,28,1,false,1490486400,niche / personal
800126,Running,,18,16,18,1,false,1508284800,niche / personal
775031,break up,,16,9,11,1,false,1379203200,niche / personal
161934,Quiet Time,,10,9,10,1,false,1499904000,niche / personal
883895,chILL,,39,25,31,2,false,1422144000,niche / personal
387228,2Pac,,31,5,13,1,false,1492560000,niche / personal
900806,throwbacks,,49,36,44,2,false,1507680000,niche / personal
523661,Dad's Playlist ,,79,63,75,1,false,1508803200,niche / personal
579991,jjjj,,126,58,86,1,false,1501372800,niche / personal
942567,DJ ,,63,53,59,1,false,1441670400,niche / personal
952919,Cleaning music ,,32,28,27,1,false,1418774400,niche / personal
645859,Drive,,44,32,40,1,false,1438819200,niche / personal
774924,Wave,,88,43,59,2,false,1486339200,niche / personal
836563,feels,,42,35,38,1,false,1484956800,niche / personal
515764,dubstep,,111,42,66,1,false,1508889600,niche / personal
565925,my music,,138,80,105,1,false,1499558400,niche / personal
329672,reggae ,,30,3,5,1,false,1436659200,niche / personal
885619,CHILL,,109,89,100,2,false,1509408000,niche / personal
867140,Pop hits,,21,18,20,1,false,1433548800,niche / personal
326947,Workout,,31,18,28,1,false,1470700800,niche / personal
973116,top hits,,30,28,28,1,false,1453766400,niche / personal
715286,feels,,39,34,37,1,false,1507766400,niche / personal
647711,Oldies but Goodies,,196,56,110,1,false,1487721600,niche / personal
198458,Old School,,13,11,13,1,false,1488585600,niche / personal
856194,Christmas 2016,,143,77,91,2,false,1481414400,niche / personal
17632,PREGAME PLAYLIST,,15,11,14,1,false,1509235200,niche / personal
158992,Ay Vamos,,26,12,19,1,false,1430092800,niche / personal
545707,Work Out,,63,31,49,1,false,1488672000,niche / personal
21458,best of the best,,15,9,11,1,false,1508976000,niche / personal
675508,coolio,,78,49,59,1,false,1506384000,niche / personal
202017,4th of July,,54,36,43,2,true,1373155200,niche / personal
550921,eminem,,7,3,4,1,false,1503532800,niche / personal
976161,Favorite Songs of All Time,,23,16,21,2,false,1461801600,niche / personal
557058,Beautiful,,57,21,39,3,false,1470268800,niche / personal
136721,Choreography ,,27,27,27,1,false,1469145600,niche / personal
517616,june,,14,14,14,1,false,1437782400,niche / personal
611523,Hope,,8,5,6,1,false,1504224000,niche / personal
717056,country,,196,75,128,1,false,1506902400,niche / personal
318894,Forever,,51,14,28,1,false,1495152000,niche / personal
786178,country,,29,11,14,1,false,1493683200,niche / personal
307008,roadtrip,,75,62,73,4,false,1500076800,niche / personal
877377,workout,,137,61,92,1,false,1509408000,niche / personal
206029,childhood,,63,30,48,1,false,1505347200,niche / personal
998006,good good,,118,44,68,1,false,1420934400,niche / personal
194801,Oldies but Goodies,,205,102,169,1,false,1507161600,niche / personal
274647,Travel,,13,13,13,1,false,1489968000,niche / personal
223826,chill out,,10,9,10,1,false,1460678400,niche / personal
501542,party,,15,15,15,1,false,1509321600,niche / personal
61241,in the mood ,,244,177,220,27,false,1487548800,niche / personal
578122,moods,songs that make you feel on the happier side of things,36,26,29,2,false,1496448000,niche / personal
563227,Made In America,,91,42,69,1,false,1491436800,niche / personal
477095,BLUE,,21,21,21,1,false,1480896000,niche / personal
868039,Alternatives,,124,68,94,1,false,1508112000,niche / personal
827384,country,,27,17,24,1,false,1469232000,niche / personal
982586,rap songs,,33,20,23,2,false,1508716800,niche / personal
474157,90's.,,39,36,38,1,false,1500076800,niche / personal
343335,Relax,,15,11,15,1,false,1483747200,niche / personal
970769,slow it down,,70,39,52,1,false,1508457600,niche / personal
10335,Bars,,24,10,21,2,false,1499990400,niche / personal
88911,country,,66,38,48,1,false,1508457600,niche / personal
859274,odd,,177,85,138,2,false,1505606400,niche / personal
996483,hehehe,,129,7,14,1,false,1485475200,niche / personal
324597,Ride Out,,23,13,16,1,false,1500076800,niche / personal
571156,hype,,126,86,115,1,false,1503964800,niche / personal
939243,Mix 1,,90,38,43,1,false,1493164800,niche / personal
100187,Guitar,,49,36,42,2,false,1504742400,niche / personal
25324,tbt,,126,29,74,1,false,1481068800,niche / personal
468107,80s,,52,39,47,1,false,1463270400,niche / personal
267982,Sexy Songs,,52,42,48,2,false,1459728000,niche / personal
861045,Too Much,,137,98,118,2,false,1456963200,niche / personal
355422,feelz,,204,145,174,1,false,1508025600,niche / personal
510123,club,,66,41,52,1,false,1472774400,niche / personal
551468,Dope,,62,43,50,2,false,1509321600,niche / personal
564474,indie,,25,13,19,1,false,1500076800,niche / personal
965074,New Country,,39,34,38,1,false,1508630400,niche / personal
522474,Into the Woods,,20,12,2,1,false,1419638400,niche / personal
547115,Jeezy ,,43,13,21,1,false,1491609600,niche / personal
98101,R&R,,224,107,186,9,false,1471305600,niche / personal
348792,WIP,,76,44,53,2,false,1500854400,niche / personal
105766,hurt,for when you&#x27;re feelin generally sad,55,30,44,2,false,1508889600,niche / personal
459525,love,,7,7,7,1,false,1499644800,niche / personal
645501,gym ,,191,67,88,2,false,1495411200,niche / personal
19594,AUGUST,,30,28,29,1,false,1508371200,niche / personal
714036,Rock,,58,38,52,1,false,1495497600,niche / personal
515180,feels,,30,24,29,1,false,1508112000,niche / personal
866891,Study,,103,45,67,1,false,1507766400,niche / personal
697114,classic country,,174,11,47,1,false,1444435200,niche / personal
614444,spirit,,102,39,75,1,false,1430006400,niche / personal
52769,Funky,,10,8,10,1,false,1393545600,niche / personal
36582,feels,,52,27,37,2,false,1509408000,niche / personal
445340,Alternative,,23,19,22,1,false,1457827200,niche / personal
614853,Dance Dance Dance,,20,11,14,1,false,1457308800,niche / personal
743795,sum,,67,54,61,1,false,1475539200,niche / personal
133683,feels ,,51,36,44,2,false,1499212800,niche / personal
497100,Music,,60,35,51,1,false,1492387200,niche / personal
279992,throw backs ,,30,25,28,1,false,1509235200,niche / personal
42903,Country,,87,53,66,2,false,1495843200,niche / personal
270277,OCT 16,,80,68,78,2,false,1493424000,niche / personal
849538,ayeee,,16,14,16,1,false,1501891200,niche / personal
801138,cruise,,39,26,29,2,false,1491609600,niche / personal
703486,hype,,62,32,49,1,false,1509062400,niche / personal
988741,Trappin,,101,46,77,1,false,1506729600,niche / personal
849573,lituation,,121,57,92,3,false,1507507200,niche / personal
348095,Rap,,87,58,76,1,false,1505174400,niche / personal
275243,banduki,,10,4,7,1,false,1472601600,niche / personal
579737,Dunno,,17,17,17,1,false,1493942400,niche / personal
166308,Billboard,,65,53,61,3,false,1501545600,niche / personal
592650,Travel Music,,26,23,25,1,false,1373673600,niche / personal
355072,better days,,102,47,76,1,false,1508284800,niche / personal
472504,Trap,,23,22,22,1,false,1506211200,niche / personal
747846,Rocket League,,120,98,111,1,false,1501804800,niche / personal
610824,Rock this ,,29,15,24,1,false,1505088000,niche / personal
242856,catchy songs,,39,22,27,1,false,1458864000,niche / personal
568221,ye,,75,54,66,1,false,1480723200,niche / personal
838596,feels,,69,46,59,1,false,1464566400,niche / personal
203231,Friends,,16,14,16,1,false,1505174400,niche / personal
822173,jude,,23,23,23,1,false,1506816000,niche / personal
513344,October,,22,22,22,2,false,1509408000,niche / personal
145774,NEW,,17,15,17,1,false,1497312000,niche / personal
57259,üôåüèº,,29,21,26,1,false,1509148800,niche / personal
542441,jams,,51,22,37,2,false,1464739200,niche / personal
795768,GET LIT!,,26,18,21,1,false,1504310400,niche / personal
675887,rn,,30,24,25,1,false,1446854400,niche / personal
789237,80s,,91,59,81,3,false,1368057600,niche / personal
734212,New Chill,,41,36,38,1,false,1508889600,niche / personal
148399,8th grade,,160,105,130,1,false,1463961600,niche / personal
639514,Best,,42,33,38,1,false,1449705600,niche / personal
555085,Partay,,185,117,146,1,false,1509408000,niche / personal
951831,gooey ,,26,22,24,1,true,1436572800,niche / personal
892936,Feel good,,48,44,47,1,false,1476489600,niche / personal
968429,Work,,26,18,25,2,false,1487548800,niche / personal
118493,2014,,231,133,166,7,false,1423008000,niche / personal
340945,Throwback,,53,39,48,2,false,1464912000,niche / personal
541509,GOod Morning,,14,14,14,1,false,1509235200,niche / personal
390751,Paul,,25,15,18,1,false,1509408000,niche / personal
917162,christmas faves,,9,8,8,1,false,1480204800,niche / personal
526154,Isla,,52,34,42,1,false,1382140800,niche / personal
806309,Women,,56,40,47,1,true,1461283200,niche / personal
903386,Rowdy,,16,11,15,1,false,1459641600,niche / personal
513271,Crap,,35,11,19,4,false,1483660800,niche / personal
343180,sex,,23,16,19,1,false,1509321600,niche / personal
779206,Chill AF,,90,64,76,1,false,1506988800,niche / personal
1713,summer 2k17,,168,106,140,1,false,1509408000,niche / personal
543574,BEST,,36,32,33,1,false,1441670400,niche / personal
852150,Dinner Music,,27,20,24,1,false,1412294400,niche / personal
33524,Talent Show,,58,44,53,1,false,1488931200,niche / personal
110445,80's party,,64,45,56,1,false,1501200000,niche / personal
675414,grind,,100,43,70,1,false,1461369600,niche / personal
588159,Mexican,,43,26,42,2,false,1498867200,niche / personal
871279,FIFA,,85,73,84,1,false,1505865600,niche / personal
586097,party,,51,42,47,1,false,1502064000,niche / personal
369510,sasquatch,,65,43,60,2,false,1463184000,niche / personal
156558,Vibes,,20,10,12,1,false,1500854400,niche / personal
74330,cardio,,15,12,12,1,false,1443139200,niche / personal
89850,Cocktail Hour,,64,53,62,2,false,1493942400,niche / personal
65536,4 AM,,10,5,10,1,false,1504224000,niche / personal
878619,jammy,,103,61,91,1,false,1508976000,niche / personal
471680,BOSSA NOVA,,17,5,12,1,false,1499385600,niche / personal
238477,February,,15,15,15,1,false,1391990400,niche / personal
536396,tunes,,74,48,58,1,false,1414540800,niche / personal
1239,lit,,27,11,14,2,false,1482278400,niche / personal
322354,Dunno,,112,84,100,2,false,1507939200,niche / personal
188573,üíóüíó,,98,34,62,1,false,1505692800,niche / personal
838903,spring,,90,62,75,1,false,1496102400,niche / personal
926860,camp,,108,66,81,2,false,1471132800,niche / personal
566613,Beto,,58,39,46,1,false,1494979200,niche / personal
690887,cinnamon ,,27,20,21,1,false,1461196800,niche / personal
197886,Butter,,66,59,64,1,true,1416441600,niche / personal
119694,Randoms,,45,35,45,3,false,1458345600,niche / personal
460263,Britt,,20,20,20,1,false,1506038400,niche / personal
190096,homework ,,12,8,9,1,false,1426464000,niche / personal
624290,driving,isn&#x27;t gas just transportation sauce?,45,37,42,1,false,1497052800,niche / personal
521822,2013,,104,21,24,1,false,1375574400,niche / personal
686182,lit,,228,145,194,4,false,1498953600,niche / personal
960852,car,,205,102,146,4,false,1508976000,niche / personal
296311,Hip Hop,,202,98,159,1,false,1506038400,niche / personal
883902,Chill out ,,34,20,27,1,false,1372464000,niche / personal
883773,fun!!,,32,15,22,1,false,1397520000,niche / personal
460753,üòàüî•,,15,10,13,1,false,1466294400,niche / personal
862464,workout,,31,27,28,2,false,1454284800,niche / personal
140798,run,,40,24,33,1,false,1467763200,niche / personal
691683,It's The Most Wonderful Time of the Year,,206,29,53,1,false,1450483200,niche / personal
22309,Studying,,68,50,60,2,false,1454371200,niche / personal
161718,Summer ,,18,14,17,2,false,1403395200,niche / personal
279304,TBT,,96,64,86,1,false,1508716800,niche / personal
651059,Oldies but Goodies,,194,117,173,2,false,1506384000,niche / personal
137210,Eros Ramazzotti,,181,3,36,2,false,1424304000,niche / personal
738486,Partayy,,57,39,48,1,false,1409875200,niche / personal
588604,Pop Punk,,66,32,48,2,false,1440547200,niche / personal
539874,all time,,7,6,6,1,false,1464739200,niche / personal
917581,plane,,6,5,6,1,false,1479686400,niche / personal
776482,Girls girls girls,,23,8,14,1,false,1489708800,niche / personal
664464,Kickback,,58,22,34,2,false,1443916800,niche / personal
946355,candles,,101,62,85,13,false,1473120000,niche / personal
785545,Soft Music,,95,52,75,1,false,1474156800,niche / personal
38971,Classic Rock,,137,50,103,1,false,1509235200,niche / personal
393099,contemporary,,146,120,139,4,false,1509408000,niche / personal
626806,old skool,,32,17,28,1,false,1452729600,niche / personal
513358,River,,23,10,20,1,false,1465430400,niche / personal
764420,Peace,,180,156,168,3,false,1509408000,niche / personal
69695,Country,,232,56,159,1,false,1504224000,niche / personal
781919,Throwback,,103,68,89,1,false,1499558400,niche / personal
146852,Logic ‚Äì Everybody,,16,4,4,1,false,1495411200,niche / personal
411290,feelings,,71,56,67,1,false,1509062400,niche / personal
896607,bed,,26,16,17,1,false,1475452800,niche / personal
208820,üî•üî•,,53,28,38,2,false,1455494400,niche / personal
687848,Wedding Party,,93,71,87,1,false,1496620800,niche / personal
26662,Party in the USA,,32,31,32,1,false,1489363200,niche / personal
138825,Downtime,,7,7,7,1,false,1505260800,niche / personal
733721,October Playlist,,26,22,24,1,false,1477008000,niche / personal
801875,-__-,,36,33,35,1,false,1508976000,niche / personal
127007,chill vibes ,,140,103,125,1,false,1509321600,niche / personal
805903,1980s,,166,59,102,3,false,1452902400,niche / personal
351300,juice,,20,12,17,1,false,1500076800,niche / personal
883643,Chill Music,,68,29,56,1,false,1388188800,niche / personal
111897,Classics,,110,80,97,1,false,1499126400,niche / personal
944707,mix it up,,28,19,23,1,false,1505952000,niche / personal
897583,feels,,20,11,11,1,false,1499126400,niche / personal
165488,Summer '15,,26,22,24,1,false,1435104000,niche / personal
551798,Bachata,,19,6,13,2,false,1420848000,niche / personal
504055,spin class,,6,6,6,1,false,1508112000,niche / personal
835046,jam out,,110,72,90,1,false,1509408000,niche / personal
474206,Relaxation,,21,12,16,1,false,1473638400,niche / personal
841351,|||,,36,27,30,1,false,1487894400,niche / personal
350214,10,,8,8,8,1,false,1425168000,niche / personal
976667,hip hop & rap,mostly upbeat party music,39,19,33,2,false,1492387200,niche / personal
323292,fave,,24,13,13,2,false,1470528000,niche / personal
754535,Workout,,43,33,41,2,false,1508457600,niche / personal
247968,al :),it&#x27;ll be okay,76,62,73,1,false,1503964800,niche / personal
354958,dad,,31,12,24,1,false,1485734400,niche / personal
688768,Acoustic ,,15,14,15,1,false,1498003200,niche / personal
773413,Combo,,69,40,61,1,false,1487289600,niche / personal
153592,Italy,,41,15,24,1,false,1441584000,niche / personal
906072,Christmas,,82,47,48,1,false,1481587200,niche / personal
349338,spanish,,25,8,14,1,false,1501459200,niche / personal
216563,like,,15,9,11,1,false,1480636800,niche / personal
463174,March 2017,,12,12,12,1,false,1490054400,niche / personal
556629,Instrumental,,93,45,62,1,false,1503360000,niche / personal
993004,Hallelujah,,18,15,16,1,false,1476144000,niche / personal
759327,Poolside!!!!,,71,35,48,2,false,1489190400,niche / personal
819572,Melo,,18,12,16,1,false,1469059200,niche / personal
550326,Personal Favorites,,150,14,55,1,false,1466035200,niche / personal
598401,Spring 2017,,25,22,24,1,false,1496534400,niche / personal
305014,sad songs :(,,157,82,117,3,false,1506297600,niche / personal
452490,Sad ,,27,23,26,1,false,1508803200,niche / personal
872275,dad,,23,15,19,3,false,1490400000,niche / personal
672699,classics,,12,11,12,1,false,1508371200,niche / personal
343060,ROADTRIP!!,,218,147,188,4,false,1502668800,niche / personal
385401,FOB,,51,35,41,1,false,1400112000,niche / personal
11047,Workout,,51,26,33,1,false,1459728000,niche / personal
172050,gangster,,50,34,43,1,true,1390521600,niche / personal
448436,Banda,,46,17,31,1,false,1477353600,niche / personal
274337,Boat,,16,6,6,1,false,1370217600,niche / personal
470590,country lovin,,74,39,53,1,false,1472947200,niche / personal
423651,19,,62,45,23,1,false,1509062400,niche / personal
818038,may '17,these are all my favorite songs from may 2017,43,29,32,1,false,1495843200,niche / personal
387591,mood,,29,26,29,2,false,1497744000,niche / personal
927484,Running,,22,22,22,1,false,1491177600,niche / personal
578038,party mix,,140,76,113,1,false,1463961600,niche / personal
335676,chillish,,76,51,59,1,false,1484006400,niche / personal
961782,drops,,35,31,35,1,false,1509235200,niche / personal
342389,Fall 2016,,39,38,39,1,false,1479772800,niche / personal
176643,Work Mix,,24,23,24,1,true,1435968000,niche / personal
320284,1738,,203,106,142,8,false,1508976000,niche / personal
710121,Mix Up,,64,34,43,1,true,1470960000,niche / personal
4378,Pizza,,24,21,22,1,false,1408492800,niche / personal
555511,babes,,162,54,72,2,false,1508803200,niche / personal
532614,RENATA,,48,42,46,5,false,1437177600,niche / personal
162166,MHM,,20,17,17,2,false,1462320000,niche / personal
375655,Aux,,42,27,33,2,false,1509235200,niche / personal
631553,Ghetto,,68,43,57,2,false,1508371200,niche / personal
812017,Basketball Playlist,,29,22,27,1,false,1394496000,niche / personal
580399,Romance,,103,48,69,4,false,1461801600,niche / personal
768008,country,,243,63,133,1,false,1505174400,niche / personal
688098,chilllll,,9,8,9,1,false,1456704000,niche / personal
575706,Ball,,11,4,8,1,false,1383955200,niche / personal
843618,country ,,237,67,140,1,false,1507161600,niche / personal
879370,Songs to Learn,,8,8,8,1,false,1475020800,niche / personal
49906,wake up,,17,15,16,1,false,1503878400,niche / personal
394512,2k15,,45,32,35,1,false,1453248000,niche / personal
594325,üíÄüíÄüíÄ,,34,17,25,3,false,1508716800,niche / personal
758785,Mellow,,90,59,74,1,false,1506038400,niche / personal
721702,feels,,9,9,9,1,false,1505779200,niche / personal
452614,TURNIP,,77,68,71,1,false,1481760000,niche / personal
55558,17',,76,62,67,1,false,1491091200,niche / personal
2901,plane,,88,47,58,1,false,1479686400,niche / personal
914116,2k17,,14,11,13,1,false,1503014400,niche / personal
737413,Piano Music,,38,4,8,1,false,1398556800,niche / personal
89577,Electronic,,19,8,12,1,false,1420070400,niche / personal
791867,top 10,,5,5,5,1,false,1456876800,niche / personal
773314,Hype,,57,37,49,1,false,1503532800,niche / personal
40732,farsi,,54,18,34,5,false,1499731200,niche / personal
996921,Worship,,91,39,65,1,false,1505952000,niche / personal
842796,**Sasquatch,,33,18,23,1,false,1463011200,niche / personal
568371,Chill Music,,48,35,41,1,false,1499558400,niche / personal
932727,Turn up,,5,5,5,2,false,1500681600,niche / personal
583130,Tomorrow,,18,8,8,1,false,1492905600,niche / personal
12201,sprang break,,155,124,150,2,false,1488499200,niche / personal
688774,idk,,147,117,132,2,false,1509408000,niche / personal
396780,BM,,84,37,44,1,false,1409184000,niche / personal
848759,driving,saved!!,102,73,88,2,false,1489017600,niche / personal
950849,Summer Playlist,,24,17,20,1,false,1503187200,niche / personal
77133,90s,,5,5,5,1,false,1451779200,niche / personal
879002,23,,34,32,33,1,false,1506124800,niche / personal
907794,good vibes,,12,6,10,2,false,1464739200,niche / personal
909848,rap,,20,19,20,1,false,1508716800,niche / personal
491735,Jazz,,11,9,9,1,false,1508976000,niche / personal
762986,Stand up,,177,5,10,1,false,1498003200,niche / personal
670457,24K Magic,,6,4,4,1,false,1479945600,niche / personal
879606,Road Trip,,132,71,97,1,true,1508630400,niche / personal
92290,halloween!!,,26,19,19,1,false,1508803200,niche / personal
557359,jams,,56,28,38,1,false,1507852800,niche / personal
416612,low,,140,54,79,2,false,1508803200,niche / personal
696645,Slow songs ,,141,63,102,13,false,1495152000,niche / personal
650930,Vibin',,61,30,49,1,false,1508716800,niche / personal
374989,DRUNK,,23,19,22,1,false,1473120000,niche / personal
647969,Nostalgia,,75,43,53,1,false,1474675200,niche / personal
518036,ride out,,19,8,8,1,false,1427500800,niche / personal
439470,summer '17,,107,75,93,1,false,1506902400,niche / personal
212243,funky monkey,,92,10,14,1,false,1485216000,niche / personal
790595,may ,,39,31,35,2,false,1496102400,niche / personal
821308,ElectroPop,,93,65,79,2,false,1478390400,niche / personal
692577,Gym,,12,10,11,1,false,1501113600,niche / personal
761077,80s,,222,111,172,2,false,1505174400,niche / personal
619403,Gym Jams,,44,38,40,1,true,1443312000,niche / personal
896302,Sol ,,21,19,21,1,false,1479859200,niche / personal
314985,work,,15,14,15,1,false,1504742400,niche / personal
568552,femme,,31,11,18,1,false,1507680000,niche / personal
357859,My Music,,59,41,50,1,false,1509321600,niche / personal
297064,Oldies But Goodies,,182,81,125,1,false,1508976000,niche / personal
479851,car,,52,44,51,1,false,1508803200,niche / personal
307618,grl pwr,,27,19,26,1,false,1508112000,niche / personal
229254,rap/reggae,,55,27,39,2,false,1508371200,niche / personal
717364,gone,,11,10,11,3,false,1470700800,niche / personal
850161,2015,,36,36,36,1,false,1452211200,niche / personal
478101,Honey,for hopeless romantic you.,61,58,59,1,false,1497484800,niche / personal
819352,july,,41,30,34,1,false,1501545600,niche / personal
272312,Reggeaton,,45,11,27,1,true,1455235200,niche / personal
396189,CD2,,47,16,28,3,false,1508803200,niche / personal
755764,sing along,,34,18,25,2,false,1501632000,niche / personal
633402,SS,,32,18,26,1,false,1463529600,niche / personal
552634,for david,,5,5,5,1,false,1458000000,niche / personal
848307,MAIN,,111,64,86,7,false,1509408000,niche / personal
94361,IDK,,28,24,27,1,false,1506556800,niche / personal
329298,Throwback Thursday,,111,59,88,1,false,1501113600,niche / personal
13176,bumpin,,77,40,54,2,false,1489881600,niche / personal
890556,vibe$,,23,18,22,1,false,1444089600,niche / personal
447933,Bar,,40,26,33,1,false,1466467200,niche / personal
770376,üî•üî•üî•üî•,,127,56,82,1,false,1509062400,niche / personal
210045,summer bops,,42,33,34,2,false,1503446400,niche / personal
126784,Fix,,208,106,151,1,false,1480377600,niche / personal
656757,alexa,,15,14,14,2,false,1441238400,niche / personal
378025,2017 favorites,,152,23,46,2,false,1492646400,niche / personal
495717,Classic rock,,65,17,47,1,false,1481673600,niche / personal
534952,Sleep,,12,10,12,1,false,1500163200,niche / personal
230195,Throwback Thursday,,235,134,192,2,false,1507420800,niche / personal
907571,Party,,175,112,144,1,false,1415750400,niche / personal
245719,oldies,,224,127,182,1,false,1437868800,niche / personal
577833,litty,,159,72,107,2,false,1509148800,niche / personal
414629,Party Playlist,,43,40,43,1,false,1508112000,niche / personal
389109,Workout,,30,25,26,1,false,1498780800,niche / personal
200900,idek,,32,15,24,1,false,1507075200,niche / personal
255883,Sweg,,215,166,197,1,false,1484092800,niche / personal
350380,hip-hop,,9,6,8,1,false,1472601600,niche / personal
244754,Back in the Day,,33,28,31,1,true,1388880000,niche / personal
208601,Beach,,31,21,29,1,false,1491004800,niche / personal
520391,Summer 2015,,71,52,58,1,false,1443052800,niche / personal
837161,üí§üí§üí§,,15,15,15,1,false,1488672000,niche / personal
895585,Christmas,,36,17,20,1,false,1481328000,niche / personal
475631,OTF,,126,65,98,1,false,1467244800,niche / personal
521845, Beauty And the Beast,,10,8,2,1,false,1490486400,niche / personal
500880,LOVE SONGS,,180,114,154,2,false,1502841600,niche / personal
550162,Gold,,105,51,91,1,false,1494979200,niche / personal
878778,Rock of Ages,,86,71,85,1,false,1508803200,niche / personal
145585,Showerüí¶,,45,33,40,1,false,1451347200,niche / personal
779037,90s,,136,51,88,1,false,1451174400,niche / personal
946689,tbt,,55,43,48,3,false,1485648000,niche / personal
424055,summer17,,73,59,68,3,false,1504742400,niche / personal
717655,chill,,89,43,67,1,false,1506816000,niche / personal
880207,banda ,,176,44,119,1,false,1375920000,niche / personal
813580,August 2013,,30,24,26,1,false,1377475200,niche / personal
846302,vibessss,,62,45,61,2,false,1509321600,niche / personal
586416,mellow,,176,151,158,2,false,1492041600,niche / personal
550181,brah,,209,17,40,2,false,1473033600,niche / personal
605112,Love,,39,26,31,1,false,1499212800,niche / personal
808894,Run,,185,130,171,2,false,1444953600,niche / personal
884650,beachy,,71,50,58,1,false,1466985600,niche / personal
925012,Classics,,57,14,34,1,false,1416960000,niche / personal
262073,High on life,,16,9,11,1,false,1484352000,niche / personal
890924,Smooth Jazz,,24,14,18,1,false,1458604800,niche / personal
370421,Evening,,235,211,229,1,false,1508976000,niche / personal
529177,Lil Wayne,,10,3,9,2,false,1479945600,niche / personal
377132,Florida Georgia Line,,44,23,29,2,false,1484697600,niche / personal
970882,Alternative,,144,82,120,1,false,1508803200,niche / personal
878998,happy,,43,18,35,2,false,1495411200,niche / personal
695584,Oof,,20,15,18,1,false,1508716800,niche / personal
94574,Latin Music,,130,74,109,3,false,1508198400,niche / personal
876350,<3,,212,156,187,2,false,1509494400,niche / personal
606972,Trap latino,,87,44,83,1,false,1509321600,niche / personal
945972,haha ,,6,5,6,1,false,1447804800,niche / personal
668770,alternitive,,50,35,41,1,false,1506470400,niche / personal
906097,üíÉüèª,,62,42,58,1,false,1493596800,niche / personal
24334,disney ,,41,33,20,1,false,1504224000,niche / personal
89690,~Alex~,asshole,29,28,29,1,false,1463616000,niche / personal
229219,chillz,,47,39,42,2,false,1506988800,niche / personal
145616,Edm Mix,,38,26,35,1,false,1501804800,niche / personal
932391,June 2016,,86,65,69,2,false,1466208000,niche / personal
6373,FUTURE!!!!,,35,12,18,4,false,1502323200,niche / personal
217196,STUDY ,,133,45,105,1,false,1473897600,niche / personal
746628,THE LIST,,75,57,65,2,true,1411603200,niche / personal
740071,Discovery,,66,64,65,1,false,1390780800,niche / personal
383777,HALO,,127,77,107,1,false,1503619200,niche / personal
732311,üíöüíõ‚ù§Ô∏è,,35,19,29,1,false,1507939200,niche / personal
899512,ANTI,,13,12,12,2,false,1463443200,niche / personal
827496,Love Songs,,17,14,10,1,false,1466035200,niche / personal
536663,yesterday,,58,23,31,1,false,1508112000,niche / personal
322203,Beach,,52,25,34,1,false,1486512000,niche / personal
25501,Twenty √òne Pil√∏ts ,,44,3,7,1,false,1487548800,niche / personal
302739,PIANO MUSIC,,94,12,19,1,false,1448236800,niche / personal
474921,Hits,,22,22,22,1,false,1487980800,niche / personal
143094,John Legend,,15,5,9,1,false,1381708800,niche / personal
746625,Wurk,,74,49,62,1,false,1444435200,niche / personal
732354,Mozart,,97,12,24,1,false,1432252800,niche / personal
974837,POP,,72,39,53,1,false,1506902400,niche / personal
969228,Best beats,,194,16,34,1,false,1365811200,niche / personal
182226,Summer,,77,68,74,1,false,1508371200,niche / personal
446857,work in progress,,62,50,58,2,false,1509062400,niche / personal
201168,home,,87,67,85,2,false,1506988800,niche / personal
126308,DREAMVILLE,,43,5,9,1,false,1477008000,niche / personal
529090,Run,,105,63,90,1,false,1501718400,niche / personal
754867,Throwbacks,,75,49,70,1,false,1499212800,niche / personal
401226,ow,,44,31,40,1,false,1507161600,niche / personal
239897,NEW YEARS 2016,,121,50,82,1,false,1487980800,niche / personal
995383,relax,,122,34,42,1,false,1421107200,niche / personal
271164,Mellow Mood ,,43,21,34,1,false,1443052800,niche / personal
691109,reading,reading jamz,16,11,14,2,false,1507939200,niche / personal
474033,Spanish Jams,,15,9,14,2,false,1504224000,niche / personal
231247,Warped,,144,12,24,1,false,1404172800,niche / personal
752050,christmas,,26,5,7,1,false,1508803200,niche / personal
746345,hype,,67,48,63,1,false,1509235200,niche / personal
7727,Michael Jackson,,62,4,23,1,false,1506816000,niche / personal
701479,kiki,,33,24,31,1,false,1492560000,niche / personal
660537,<3,,18,6,11,1,false,1410998400,niche / personal
806552,lmao,,11,6,9,1,false,1507593600,niche / personal
97882,Music,,18,12,15,1,false,1393545600,niche / personal
469709,80's ,,19,17,17,1,false,1439424000,niche / personal
552753,moana,,6,6,2,1,false,1499817600,niche / personal
641514,BEACH PLAYLIST,,39,31,34,1,false,1435449600,niche / personal
100728,Yoga,,26,16,21,3,false,1485129600,niche / personal
228470,School,,92,66,79,1,false,1509408000,niche / personal
94850,Undertale,,119,10,12,1,false,1499385600,niche / personal
740305,Regae,,58,18,33,1,false,1478304000,niche / personal
314743,Amy,,40,38,39,1,false,1434499200,niche / personal
590952,JAN 17,,30,26,30,1,false,1486252800,niche / personal
408908,Classic Hits,,168,79,129,1,false,1505606400,niche / personal
837287, Don't,,22,17,18,1,false,1459728000,niche / personal
410125,Summer '17,,111,76,95,1,false,1501113600,niche / personal
780973,beats,,48,36,44,1,false,1508025600,niche / personal
352610,houston,,11,5,7,1,false,1509494400,niche / personal
337034,Pop Country,,37,29,31,1,false,1505692800,niche / personal
448468,car ,,42,28,35,1,false,1470960000,niche / personal
755532,Worship,,42,25,36,1,false,1506211200,niche / personal
263459,Dirty Dancing,,12,12,7,1,false,1371600000,niche / personal
680278,Favorite songs,,10,6,10,2,false,1500249600,niche / personal
82457,80's Hits,,99,49,72,1,false,1398902400,niche / personal
833768,Latino,,23,17,21,1,false,1502496000,niche / personal
519233,Emo,,183,17,31,1,false,1440028800,niche / personal
373652,Sarah,,165,100,141,1,false,1446681600,niche / personal
976413,Wow,,138,35,49,1,false,1505779200,niche / personal
699379,gym ,,52,19,28,1,false,1483315200,niche / personal
170868,Classic Rock,,147,64,118,1,false,1498953600,niche / personal
551280,rehab,,30,5,8,3,false,1501286400,niche / personal
438222,Pop mix,,46,17,28,1,false,1497398400,niche / personal
825150,New Rock,,35,18,27,1,false,1502841600,niche / personal
275869,contry,,24,16,20,1,false,1447804800,niche / personal
455668,comedy,,33,3,6,2,false,1426723200,niche / personal
194125,Vibe,,48,42,46,8,false,1509408000,niche / personal
930368,BRUNCH,,218,170,167,1,false,1503187200,niche / personal
304797,Happy Music,,34,13,25,1,false,1508976000,niche / personal
861214,Party,,120,77,103,7,false,1424995200,niche / personal
705593,Olivia's playlist,,146,103,123,1,false,1509148800,niche / personal
109294,August 2016,,53,51,53,5,false,1474848000,niche / personal
220455,molly,,115,78,93,3,false,1500681600,niche / personal
979894,rap,,38,12,13,1,false,1429660800,niche / personal
90777,Surf's Up,,52,36,48,1,false,1505779200,niche / personal
745029,feels,,127,95,113,1,false,1509235200,niche / personal
308604,Dub ,,121,71,105,4,false,1499904000,niche / personal
492370,Worship,,33,15,28,1,false,1509408000,niche / personal
279581,chillin,,225,140,195,3,false,1509062400,niche / personal
271652,Saturday Morning,,20,13,18,1,false,1446854400,niche / personal
814379,car music ,,5,5,5,1,false,1462060800,niche / personal
850561,warm up,,68,47,52,1,false,1509148800,niche / personal
398576,Running Music,,26,26,26,1,false,1426982400,niche / personal
489161,The Good Stuff,,47,34,41,6,false,1463011200,niche / personal
192572,throwback,,205,110,172,2,false,1499472000,niche / personal
254567,Oldies,,54,34,47,7,false,1466208000,niche / personal
825665,Work Mix,,50,34,40,1,false,1409875200,niche / personal
910767,top 10,,15,13,15,1,false,1499644800,niche / personal
435576,soft,,30,17,22,1,false,1482192000,niche / personal
926859,Rock,,83,24,51,1,false,1418860800,niche / personal
808553,Worship,,68,29,42,1,false,1502582400,niche / personal
906220,Feelz,,42,22,30,1,false,1506556800,niche / personal
168467,Baby,,15,12,13,1,false,1506729600,niche / personal
308491,Mine,,46,37,39,2,false,1493078400,niche / personal
237628,November 2017,,23,14,16,1,false,1509408000,niche / personal
755523,Freddie ,,19,15,17,1,false,1479427200,niche / personal
392023,New Songs,,69,53,60,1,false,1403654400,niche / personal
114598,Pass the Aux,,53,29,38,1,false,1481068800,niche / personal
234425,idk :((,,23,16,21,1,false,1494028800,niche / personal
715806,50th,,73,47,64,2,false,1499126400,niche / personal
84850,YO !,,218,64,105,1,false,1506643200,niche / personal
748048,2017 ,,37,36,37,1,false,1490054400,niche / personal
339545,Christmas 2015,,27,26,27,4,false,1450915200,niche / personal
715200,emily,,23,21,22,1,false,1508544000,niche / personal
67708,Chill,,39,31,33,1,false,1471910400,niche / personal
284648,Island reggae,,33,27,30,1,false,1485820800,niche / personal
119697,Baby,,26,22,23,1,false,1497484800,niche / personal
512761,mountains,,42,27,28,1,false,1450483200,niche / personal
349378,BP,,130,98,124,1,false,1505433600,niche / personal
797452,Rap,,50,23,33,1,false,1503187200,niche / personal
641442,Yuri ,,225,131,183,1,false,1509408000,niche / personal
232673,Training,,7,7,7,1,false,1495756800,niche / personal
713093,throwback,,169,85,137,2,false,1490918400,niche / personal
30575,goldie oldies ,,18,7,15,1,false,1458345600,niche / personal
245382,Love songs,,38,26,31,1,false,1509235200,niche / personal
79717,fall '17,a seasonal slowdown,43,37,37,3,false,1509321600,niche / personal
883944,Cole,,52,4,14,1,false,1492732800,niche / personal
499367,Vibes,,30,4,5,1,false,1412812800,niche / personal
870771,Best,,56,14,27,1,false,1507939200,niche / personal
277548,cabo,,7,6,7,1,false,1493510400,niche / personal
664515,Sexy,,90,49,72,1,false,1472688000,niche / personal
154571,RUN 2,,32,23,26,1,false,1380672000,niche / personal
900880,Beach songs,,22,21,21,1,false,1485043200,niche / personal
993803,june,,54,52,54,1,false,1497916800,niche / personal
565752,Feelin' good,,98,84,94,2,false,1424044800,niche / personal
46048,country,,186,45,90,1,false,1506124800,niche / personal
710355,My Mixtape,,51,30,41,2,false,1508112000,niche / personal
125184,Dance,,24,21,22,1,false,1463097600,niche / personal
87975,Lit,,61,31,36,3,false,1508803200,niche / personal
988499,salsa,,91,46,78,3,false,1501459200,niche / personal
760973,weights,,227,107,164,3,false,1508803200,niche / personal
56274,peace,,71,34,50,1,false,1507766400,niche / personal
610123,Work Jamz,,76,65,68,4,true,1496275200,niche / personal
432687,MyMusic,,169,100,132,3,false,1491264000,niche / personal
326977,Gym,,28,24,26,1,false,1493164800,niche / personal
513443,BRIAN,,77,35,50,2,false,1490486400,niche / personal
611511,pop punk,,17,7,11,1,false,1436227200,niche / personal
36992,Study Music,Emphasis on piano,41,23,32,1,false,1491868800,niche / personal
59223,Favorite Songs,,74,63,70,1,false,1479081600,niche / personal
236315,chill,,33,20,27,1,false,1454803200,niche / personal
244139,summer 2017,,43,34,35,1,false,1496620800,niche / personal
241441,best songs,,22,11,15,1,false,1509148800,niche / personal
29184,Spanish mix ,,56,24,42,1,false,1507593600,niche / personal
873666,hoe anthems,,73,47,66,2,false,1506038400,niche / personal
223904,Bangerz,,76,52,64,1,false,1502236800,niche / personal
332229,freedom,,36,26,34,1,false,1500940800,niche / personal
530331,Studying,,174,116,157,2,false,1509408000,niche / personal
986266,Young Dumb & Broke,,9,8,8,1,false,1505347200,niche / personal
494550,throwback,,42,21,34,1,false,1507075200,niche / personal
393191,classics,,77,65,72,1,false,1505088000,niche / personal
649921,Disney,,47,35,27,1,false,1498953600,niche / personal
863593,Roadtrip üöó,,48,43,47,1,false,1509408000,niche / personal
938752,Throwback,,53,42,51,1,false,1497484800,niche / personal
111523,French,,121,37,61,1,false,1507680000,niche / personal
900736,music,,208,73,122,1,false,1509148800,niche / personal
202312,summer,,53,40,43,1,false,1365724800,niche / personal
241935,Hippity Hoppity,,205,42,54,2,false,1321574400,niche / personal
741475,Country ,,71,10,40,1,false,1456963200,niche / personal
821579,Old People Music,,17,17,17,1,false,1508630400,niche / personal
420690,ROCK,,34,31,34,1,false,1432425600,niche / personal
990891,Jazz,,27,9,22,1,false,1499644800,niche / personal
353038,Espa√±ol ,,135,40,88,1,false,1509148800,niche / personal
337171,summer 2017,,126,22,33,1,false,1503273600,niche / personal
141558,2016 ,,41,28,35,1,false,1485388800,niche / personal
939346,Vibes,,18,13,17,1,false,1483833600,niche / personal
573328,Rainy Days,,37,29,32,2,false,1498435200,niche / personal
825373,Rock Ballads,,121,53,89,1,false,1478390400,niche / personal
350941,STUDY,,20,19,19,1,false,1480550400,niche / personal
324466,DANCING IN THE KITCHEN,,38,27,29,1,false,1476144000,niche / personal
105687,pregame,,23,20,21,1,false,1459468800,niche / personal
81365,indie trash,,158,29,66,1,false,1463788800,niche / personal
838753,LATIN,,175,77,134,2,false,1506988800,niche / personal
113010,Gameday,,38,26,31,1,false,1487635200,niche / personal
190907,Energy,,15,13,13,1,false,1493683200,niche / personal
31043,LIT,,45,26,34,1,false,1504396800,niche / personal
692153,Starboy,,129,49,81,1,false,1509408000,niche / personal
12580,Sp,,27,20,21,1,false,1509062400,niche / personal
480068,yeet,,86,42,60,2,false,1484438400,niche / personal
749058,Coachella 2014,,56,31,46,2,false,1396310400,niche / personal
724781,SUMMER ,,41,34,35,1,false,1470873600,niche / personal
881470,Car,,39,28,32,2,false,1488499200,niche / personal
229696,Summer 2014,,44,40,44,1,false,1441843200,niche / personal
353832,amber,,62,43,58,3,false,1508198400,niche / personal
949625,Disney,,61,49,27,1,false,1503273600,niche / personal
215014,vibezzzz,,78,45,55,1,false,1501286400,niche / personal
37766,Beyonce,,115,34,76,1,false,1392595200,niche / personal
118896,jul,,20,16,18,1,false,1508025600,niche / personal
640278,You and Me,,42,36,41,1,true,1426982400,niche / personal
675918,Study Playlist,,41,27,36,1,false,1421107200,niche / personal
915828,Easy Listening,,143,101,130,3,false,1509062400,niche / personal
933650,blackbear,,37,5,12,1,false,1500076800,niche / personal
879319,Sick Beats,,176,139,160,2,false,1509148800,niche / personal
174909,Bangers,,100,85,96,1,false,1508198400,niche / personal
679837,Roadtrippin',,15,12,13,2,false,1494288000,niche / personal
961918,og,,10,7,10,1,false,1499126400,niche / personal
872905,country tunes,,91,36,53,1,false,1500768000,niche / personal
582650,America,,37,30,35,1,false,1467590400,niche / personal
637535,my chill,,33,21,26,1,false,1508371200,niche / personal
711000,Run,,23,10,13,1,false,1460332800,niche / personal
2016,üî•üî•,,17,7,13,1,false,1475452800,niche / personal
947865,Easy,,50,20,25,1,false,1475193600,niche / personal
455545,sexo,,40,28,35,1,false,1508976000,niche / personal
284576,TB,,54,37,49,1,false,1500249600,niche / personal
285881,Hype,,137,88,118,3,true,1502668800,niche / personal
353763,rock ,,32,14,27,1,false,1506470400,niche / personal
160702,Grammy Style,,20,19,19,1,false,1390694400,niche / personal
548705,jammin,,16,15,15,1,false,1481587200,niche / personal
3751,friday,,27,13,21,2,false,1498780800,niche / personal
177223,5sos,,7,7,7,1,false,1461542400,niche / personal
335971,Our Wedding,,106,84,105,1,true,1507852800,niche / personal
509848,Fake Love,,63,43,55,1,false,1506902400,niche / personal
423450,Jazz,,59,6,7,1,false,1494460800,niche / personal
707767,Pool,,43,27,34,1,false,1499558400,niche / personal
567096,Flow,,20,16,18,1,false,1487203200,niche / personal
217388,2014,,182,109,127,1,false,1424131200,niche / personal
394667,Songss :),,48,35,43,4,false,1508112000,niche / personal
240083,Love,,28,23,25,1,false,1463443200,niche / personal
732143,August,,10,10,10,1,false,1472601600,niche / personal
302145,pump up,,29,22,24,3,true,1380412800,niche / personal
6378,7.17,,26,17,18,1,false,1502668800,niche / personal
354402,Favss,,86,25,54,1,false,1508371200,niche / personal
983763,summer,,47,37,45,1,false,1489449600,niche / personal
186505,flashback,,7,7,7,1,false,1389830400,niche / personal
552130,Mary,,41,12,34,1,false,1395792000,niche / personal
95164,2.0,,27,22,26,1,false,1506816000,niche / personal
926156,MY JAM,,76,61,70,1,false,1468454400,niche / personal
107683,Good Country,,56,34,45,2,false,1441843200,niche / personal
476869,OLDIES,,75,33,54,1,false,1500681600,niche / personal
546919,Test,,37,28,34,1,false,1509235200,niche / personal
516391,üëÄüëÄ,,11,8,11,1,false,1457136000,niche / personal
524710,Boys,,170,93,131,1,false,1509148800,niche / personal
964378,down,,75,37,58,2,false,1499385600,niche / personal
435376,Cruise,,101,77,91,3,false,1499644800,niche / personal
562393,Acappella,"A playlist of nearly 50 songs that are uplifting and full of great harmony! Kieth Lancaster, Straight No Chaser, Voices of Lee, and many other Accapella groups make appearances.",53,21,37,1,false,1494806400,niche / personal
35275,TG,,42,25,35,1,false,1480032000,niche / personal
622005,Party,A playlist made for my nerdy friends. I tried to focus on the bass,231,117,155,1,false,1507680000,niche / personal
407244,Rap,,73,24,47,1,false,1457481600,niche / personal
264734,country hits,,38,24,31,1,false,1474761600,niche / personal
180602,House Party,,25,17,25,1,false,1468281600,niche / personal
428315,boi,,26,20,25,1,false,1448150400,niche / personal
635066,Chill Out,,228,116,169,2,true,1482019200,niche / personal
827842,Hers,,78,62,70,1,false,1509494400,niche / personal
719573,serendipity,,163,98,131,2,false,1493510400,niche / personal
87251,summer,,60,38,48,1,false,1508112000,niche / personal
582517,Tunes,,88,27,66,4,false,1498608000,niche / personal
322239,Feelsgoodman,,61,44,53,1,false,1508889600,niche / personal
972951,Anytime,,41,32,35,2,false,1505692800,niche / personal
208414,Miami,,108,88,102,1,false,1497312000,niche / personal
683989,Disney,,39,30,22,1,false,1447891200,niche / personal
698837,melt,,98,69,76,1,true,1506124800,niche / personal
551258,Eli,,128,53,57,1,false,1499040000,niche / personal
569416,the good life ,,22,17,21,1,false,1501718400,niche / personal
489173,one and only,,20,12,15,1,false,1468540800,niche / personal
239131,Ish,,26,22,22,1,false,1385596800,niche / personal
171018,English,,14,11,14,1,false,1448064000,niche / personal
603038,Lyrical,,59,41,55,1,false,1507075200,niche / personal
62062,üí¶üí¶üí¶,,19,18,19,1,false,1509408000,niche / personal
496493,may,,39,30,33,1,false,1399593600,niche / personal
559379,Flowers in Your Hair,,57,32,45,1,false,1481500800,niche / personal
442780,Sweet,,12,10,10,1,false,1509408000,niche / personal
24895,‚ú®‚ú®,,236,92,159,4,false,1463875200,niche / personal
42811,Soul,,8,4,6,1,false,1474588800,niche / personal
308468,happy!,,24,18,22,1,false,1487721600,niche / personal
388312,Divas,,63,28,47,1,false,1437436800,niche / personal
916131,ROCKET,Beeps and chiptunes,30,19,30,1,false,1508716800,niche / personal
464830,May 2017,,57,47,53,1,false,1495065600,niche / personal
732933,Orchestral,,36,23,34,1,false,1491350400,niche / personal
335100,Beck,,7,3,5,1,false,1469404800,niche / personal
919853,Summer 2015,,38,27,30,2,false,1440201600,niche / personal
744939,Easy,,30,16,27,1,false,1481155200,niche / personal
240974,Good Morning,,171,63,107,1,false,1495152000,niche / personal
253364,Bullet for my Valentine,,166,34,67,1,false,1489536000,niche / personal
225201,My Country,,122,56,86,3,false,1470355200,niche / personal
378661,mine,,24,9,15,2,false,1445472000,niche / personal
558542,party,,99,72,89,1,false,1504396800,niche / personal
318516,BPM,,80,62,77,1,false,1499731200,niche / personal
847265,Folksy,,87,68,81,2,false,1506988800,niche / personal
838599,Shower,,11,4,7,1,false,1435881600,niche / personal
343097,musica latina,,41,22,34,2,false,1468195200,niche / personal
946926,in my feels,,29,27,28,1,false,1496361600,niche / personal
548506,santiago,,23,17,22,1,false,1486166400,niche / personal
19571,Pitch Perfect Soundtrack,,24,15,10,1,false,1374019200,niche / personal
164688,spanish,,83,31,54,1,false,1431907200,niche / personal
414917,Lista oficial Sense8,,20,14,16,1,false,1437004800,niche / personal
917211,bt,,14,6,6,1,false,1462233600,niche / personal
791390,Summer,,166,95,136,1,false,1509235200,niche / personal
708927,Christmas Classics,,21,11,11,2,false,1480032000,niche / personal
2623,Let's Get Lost,,6,6,6,1,false,1466467200,niche / personal
408522,Fire,,190,65,118,4,false,1507593600,niche / personal
340578,December,,17,15,15,1,false,1449705600,niche / personal
388333,All Trap Music,,72,56,37,1,false,1421884800,niche / personal
164750,Guilty pleasures,,31,28,29,1,false,1487203200,niche / personal
897871,Runner!,,42,27,36,1,false,1412380800,niche / personal
465218,spiritual,,10,8,10,1,false,1483574400,niche / personal
583188,Jams,,45,27,34,1,false,1508630400,niche / personal
532573,Sleep,,23,4,9,1,false,1426550400,niche / personal
137973,MOVE,,34,31,34,1,false,1508371200,niche / personal
347924,Camp,,45,37,41,20,false,1423267200,niche / personal
303100,surf,,82,25,61,1,false,1462924800,niche / personal
450010,boyce avenue,,34,10,19,1,false,1386201600,niche / personal
436824,school,,12,5,10,1,false,1508025600,niche / personal
466818,Rock & Roll,,22,10,19,1,false,1485216000,niche / personal
500095,Jammin,,127,94,112,2,false,1509235200,niche / personal
799250,Feels ,,135,105,123,1,false,1505260800,niche / personal
960580,wedding,,64,42,52,1,false,1489363200,niche / personal
657737,litttt,,7,4,6,1,false,1489449600,niche / personal
697006,chill.,,61,47,56,1,false,1509408000,niche / personal
175590,rock,,204,71,149,2,false,1503532800,niche / personal
195603,stuffs,,29,23,27,1,false,1500595200,niche / personal
404231,LifeStyle,,82,49,75,5,false,1438560000,niche / personal
19314,soundtrack,,54,15,24,1,false,1504828800,niche / personal
986265,glitch,,40,5,14,2,false,1500422400,niche / personal
81851,Beach,,78,23,42,5,false,1501804800,niche / personal
962683,Pops,,193,113,158,1,true,1419638400,niche / personal
127548,Chill,Chill music that is up beat,58,51,55,1,false,1508198400,niche / personal
72456,Sunday Morning.,,22,14,20,1,false,1438992000,niche / personal
686443,Cocktail Hour,,67,62,64,3,true,1470182400,niche / personal
2983,selena ,,12,3,7,2,false,1468108800,niche / personal
749166,Road Trip,,83,41,64,1,false,1497139200,niche / personal
756863,Musicals!!!,,67,55,33,1,false,1506816000,niche / personal
304251,bangerz,,223,62,130,1,false,1506211200,niche / personal
133076,üëΩüëΩüëΩ,,25,14,16,2,false,1470873600,niche / personal
301991,Disney,,112,75,46,1,false,1396656000,niche / personal
849718,jb,,16,13,15,1,false,1483056000,niche / personal
641276,car playlist,,34,21,26,1,false,1479945600,niche / personal
940207, Running list ,,112,77,98,2,false,1465948800,niche / personal
330872,windows down,,28,26,27,1,false,1502582400,niche / personal
166265,Classic Country,,74,31,52,1,false,1501113600,niche / personal
209490,electro,,104,55,77,2,false,1434844800,niche / personal
862855,Funk ,,57,32,51,1,false,1509408000,niche / personal
590293,Birthday Playlist,,24,7,15,1,false,1489622400,niche / personal
466530,2000s R&B,,80,37,66,1,false,1504051200,niche / personal
84151,Country,,95,23,67,1,false,1455926400,niche / personal
118553,Ben,,30,17,24,1,false,1450569600,niche / personal
731940,Rap,,123,96,113,4,false,1459036800,niche / personal
39145,sleep,,22,10,14,1,false,1493856000,niche / personal
948190,summer,,38,33,35,2,false,1441065600,niche / personal
563395,My favorite,,162,35,66,1,false,1463011200,niche / personal
241439,Gates,,6,3,4,1,false,1485907200,niche / personal
808812,listen,,42,35,41,4,false,1508025600,niche / personal
931752,Ryan's Playlist,,29,27,27,1,true,1457654400,niche / personal
807316,classic,,28,21,23,1,false,1505865600,niche / personal
922453,sad:((((,,85,60,72,2,false,1508803200,niche / personal
228319,Deathcore,,14,7,13,1,false,1501545600,niche / personal
43140,play,,22,20,21,2,false,1505865600,niche / personal
853098,Summer,,27,14,20,2,false,1461024000,niche / personal
942035,love,,100,73,89,1,false,1487030400,niche / personal
865083,music,,92,52,84,1,false,1507852800,niche / personal
180353,Hyphy ,,18,10,15,1,false,1454112000,niche / personal
480956,Summer,,17,17,17,1,false,1437436800,niche / personal
327223,It's Lit,,49,27,42,1,false,1499040000,niche / personal
751832,Fall 2013,,29,23,24,1,false,1405900800,niche / personal
680920,Rap,,13,6,10,1,false,1447891200,niche / personal
6021,Creep,,9,7,8,1,false,1468108800,niche / personal
552635,Jeremy,,96,18,45,2,false,1435536000,niche / personal
862429,Pop Rock,,70,25,41,1,false,1502236800,niche / personal
793911,XX,,11,8,11,1,false,1465084800,niche / personal
432506,rap,,64,38,46,1,false,1508630400,niche / personal
880590,SK,,12,10,11,1,false,1508889600,niche / personal
620157,ski,,182,78,131,3,false,1509148800,niche / personal
464590,Soccer,,12,6,10,2,false,1504051200,niche / personal
338144,Summer 2016,,13,9,9,1,false,1471910400,niche / personal
285204,Slow Songs,,25,20,23,1,false,1504051200,niche / personal
742192,Lil bit of everything ,,179,71,109,2,false,1433980800,niche / personal
47666,Latino,,14,8,11,1,false,1469404800,niche / personal
578321,White Girl Wasted!!,,121,79,104,1,false,1405036800,niche / personal
485307,side a ,,17,17,17,1,false,1507507200,niche / personal
30903,Modern,,24,14,17,1,false,1505347200,niche / personal
719777,ambient,,19,9,9,1,false,1490918400,niche / personal
264059,relaxing ,,17,11,17,1,false,1496620800,niche / personal
622702,sleep,,9,7,9,1,false,1462924800,niche / personal
654963,Listen to Me,,182,19,29,1,true,1370736000,niche / personal
1173,Indie Mix,,45,18,29,1,false,1411603200,niche / personal
513425,Run,,23,15,18,3,false,1509408000,niche / personal
779706,Bus,,80,47,59,2,false,1503964800,niche / personal
563184,Winter 2016,,47,45,46,1,false,1507507200,niche / personal
129609,Rock,,61,39,53,1,false,1502928000,niche / personal
681061,Country,,93,57,72,1,false,1507161600,niche / personal
227655,april showers,,30,20,22,1,false,1429574400,niche / personal
240972,Michelle,Ayo whaddup,12,12,12,1,false,1503360000,niche / personal
517937,life,,12,8,10,1,false,1462579200,niche / personal
793632,23,,164,42,83,2,false,1508716800,niche / personal
414627,Fun,,22,18,21,1,false,1468368000,niche / personal
901311,workout,,18,7,13,1,false,1476057600,niche / personal
498984,Morning Drive,,93,62,79,1,false,1508630400,niche / personal
678859,coming home ,,49,47,49,3,false,1508716800,niche / personal
982554,AF,,105,68,93,1,false,1507507200,niche / personal
589084,hyfr,,61,52,54,5,false,1465516800,niche / personal
236820,jam sesh,,89,60,79,1,false,1498003200,niche / personal
181963,Childhood,,18,18,18,1,false,1371859200,niche / personal
521571,golden days,when the sky is starless,173,79,122,2,false,1509321600,niche / personal
916753,playlist,,31,26,31,1,false,1465948800,niche / personal
249687,LIFT,,56,32,40,1,false,1508198400,niche / personal
809891,PARTAY,,16,14,16,1,false,1493337600,niche / personal
228737,New Years ,,81,47,64,2,false,1505260800,niche / personal
700584,DO IT,,231,159,208,4,false,1508803200,niche / personal
437419,En Ingles,,105,71,97,1,false,1423612800,niche / personal
327886,Stay Awake,,18,13,15,1,false,1444867200,niche / personal
383148,wedding playlist,,18,17,18,1,false,1445990400,niche / personal
291565,ARUBA,,57,52,56,1,false,1494374400,niche / personal
773050,worship,,70,8,16,1,false,1433203200,niche / personal
393477,party 2,,73,44,63,1,false,1492905600,niche / personal
867839,Work Music,,19,7,13,1,false,1390867200,niche / personal
518515,awesome songs!,,9,9,9,1,false,1476403200,niche / personal
100521,Work It Out,,94,71,84,1,false,1410739200,niche / personal
867052,New,,34,29,30,1,false,1414713600,niche / personal
754778,party playlist,,54,39,46,1,false,1508025600,niche / personal
348140,good music ,,30,25,30,1,false,1509235200,niche / personal
356106,kids,,118,12,29,1,false,1419811200,niche / personal
568319,Discovery,,221,212,220,1,false,1509062400,niche / personal
353390,Top 10,,16,16,16,1,false,1496448000,niche / personal
55964,hasta el amanecer ,,67,28,53,1,false,1465862400,niche / personal
992259,FG,,76,72,75,1,false,1509494400,niche / personal
254590,worship,,77,50,64,1,false,1469577600,niche / personal
37485,ü§ôüèª,,11,8,9,1,false,1509321600,niche / personal
645421,bridal shower,,45,40,42,2,false,1477526400,niche / personal
502878,Audrey,,44,23,33,1,false,1421539200,niche / personal
29248,mix 1,,21,6,8,1,false,1446595200,niche / personal
611779,waves,,18,9,12,2,false,1483401600,niche / personal
702442,ace,study,86,77,83,1,false,1496188800,niche / personal
504333,christmas,,19,17,17,2,false,1506643200,niche / personal
61631,WARPED TOUR 2017,,108,19,53,1,false,1500595200,niche / personal
740130,born to die,,47,45,47,1,false,1507161600,niche / personal
439428,love,,31,22,24,1,false,1400198400,niche / personal
987774,TSM ,,175,136,165,1,false,1379116800,niche / personal
696721,PARTY,,50,45,47,1,false,1507852800,niche / personal
348525,Dad Jams,,90,64,85,1,false,1488240000,niche / personal
803822,boogie,,21,19,20,1,false,1499731200,niche / personal
573038,Awakening,,12,8,5,1,false,1491782400,niche / personal
158943,Slow,,62,50,55,1,false,1388620800,niche / personal
780578,Christmas,,54,4,7,1,false,1387152000,niche / personal
536216,RUN!,,48,40,45,1,false,1508284800,niche / personal
918847,basic,,50,24,34,3,false,1509408000,niche / personal
621614,Wedding Cocktail Hour,,22,16,19,1,true,1472947200,niche / personal
650977,Bangerz,,95,38,62,1,false,1400544000,niche / personal
823878,savage,,10,8,9,1,false,1508889600,niche / personal
86320,Get Hype,,84,19,35,1,false,1454630400,niche / personal
563279,Life Is Beautiful,,60,26,52,2,false,1499558400,niche / personal
576837,Dance,,8,3,4,1,false,1508803200,niche / personal
235066,sunday,,75,33,23,1,false,1507420800,niche / personal
109951,Mellow Yellow,,103,67,82,2,false,1508976000,niche / personal
628110,stuff,,14,13,14,1,false,1506038400,niche / personal
80561,Turnt UP!!!!,,112,54,81,2,false,1462665600,niche / personal
28313,EDM 2,,32,29,32,1,false,1486166400,niche / personal
347579,Nueva playlist,,160,82,112,1,false,1433980800,niche / personal
751671,The Feels,,94,45,70,1,false,1446508800,niche / personal
679729,good one ,,20,19,20,2,false,1503100800,niche / personal
697338,bangers,,63,27,38,3,false,1498176000,niche / personal
476810,new stuff,,96,81,87,1,false,1509408000,niche / personal
745033,PV,,87,71,82,2,false,1490918400,niche / personal
697639,Autumn Leaves,,26,13,17,1,false,1463616000,niche / personal
473536,the chillest,,31,26,30,1,false,1502668800,niche / personal
536743,Favorite Songs,,28,27,27,1,false,1508976000,niche / personal
787107,2016,,214,145,169,4,false,1478476800,niche / personal
518119,in my feels,,85,42,57,4,false,1501200000,niche / personal
350961,Distance,,31,24,26,6,false,1488758400,niche / personal
126005,Studying,,7,7,7,1,false,1506038400,niche / personal
809710,New country,,75,48,62,1,false,1492128000,niche / personal
747124,Backyard,,51,24,39,3,false,1497052800,niche / personal
59463,chill vibes,,36,25,26,1,false,1498435200,niche / personal
528405,90's,,127,102,114,1,false,1452211200,niche / personal
811475,too good,,65,40,49,2,false,1484179200,niche / personal
770806,YASSS,,112,77,105,2,false,1481760000,niche / personal
484279,Russian,,34,34,34,1,false,1494201600,niche / personal
135123,me,,19,6,11,1,false,1494374400,niche / personal
18237,Christian Favs,,111,23,32,1,false,1505779200,niche / personal
515289,Chill Zone,,43,40,42,1,false,1504051200,niche / personal
177206,party playlist ,,141,84,117,3,false,1470268800,niche / personal
56623,Beyonce,,73,3,7,1,false,1492992000,niche / personal
693440,90s,,135,88,102,1,false,1382486400,niche / personal
765749,Chill,,21,19,19,1,false,1501372800,niche / personal
18252,2008,,111,44,71,1,false,1484956800,niche / personal
451611,pop,,14,12,14,1,false,1487548800,niche / personal
939349,Freestyle,,27,15,22,1,false,1508371200,niche / personal
320375,4U,,186,128,168,2,false,1509408000,niche / personal
430193,be cool,,197,52,72,1,false,1488931200,niche / personal
834395,Throwback Tunes,,130,84,108,1,false,1504137600,niche / personal
951073,mood,Ice Blue Mink,41,25,32,1,false,1509408000,niche / personal
242326,spanish,,33,17,25,1,false,1474588800,niche / personal
97340,My songs!,,95,60,75,1,false,1430352000,niche / personal
225462,mood,,65,35,45,1,false,1500940800,niche / personal
832637, Old,,80,51,69,1,false,1507766400,niche / personal
9904,Music,,25,18,21,1,false,1490054400,niche / personal
816400,Love,,41,41,41,1,false,1448928000,niche / personal
312058,Summer 16 ,,162,133,154,11,false,1473897600,niche / personal
886081,feelin,...,22,18,21,1,false,1509148800,niche / personal
1930,Spring 2012,,30,28,29,2,false,1348790400,niche / personal
920992,Party Hardy,This is the kind of playlist that would make you kick in your dorm wall... Cat...,35,28,34,1,false,1500336000,niche / personal
876861,Vibey,,29,27,29,3,false,1488758400,niche / personal
474756,Dance jams,,76,69,74,2,false,1498780800,niche / personal
865479,INMORTALES,,53,17,32,6,false,1504051200,niche / personal
460432,hippity hop,,79,38,56,3,false,1505088000,niche / personal
494251,Spanish,,144,59,100,1,false,1507161600,niche / personal
402908,maybe,,13,8,9,2,false,1490659200,niche / personal
712760,SM,,5,5,5,2,false,1502841600,niche / personal
809722,love,,22,17,21,1,false,1368662400,niche / personal
153962,EDM 2,,32,27,30,1,false,1475452800,niche / personal
454599,june 17,,48,47,48,1,false,1506124800,niche / personal
634685,Pregame,,21,18,21,1,false,1509235200,niche / personal
39241,Improv,,25,23,25,1,false,1508630400,niche / personal
470324,yee yee,,12,7,10,1,false,1508371200,niche / personal
731534,Soft rock ,,37,16,26,1,false,1408492800,niche / personal
82834,good stuff,,130,118,123,1,false,1509235200,niche / personal
912706,Instrumental,,133,44,65,1,false,1499212800,niche / personal
760079,Feel Good,,84,51,63,1,false,1505260800,niche / personal
549659,Pump Up Jams ,,126,87,116,1858,false,1507939200,popular
98280,Lil Pump,Fire Music,27,13,19,1053,false,1492819200,popular
86757,kids music ,,114,92,104,3117,false,1439078400,popular
432907,Valentines Day,,210,117,177,1781,false,1485475200,popular
647757,Kesha,,40,10,20,1444,false,1321056000,popular
282077,The chainsmokers,,5,5,5,1497,false,1476144000,popular
966507,Happy,,41,33,39,1040,false,1448409600,popular
403431,Taking It Back,,17,5,9,2658,false,1381363200,popular
670157,Cleaning Playlist,what i like to listen to when i&#x27;m cleaning... mostly throwbacks!,76,35,59,1644,false,1497139200,popular
935821,Tercer cielo,,58,4,12,3638,false,1392076800,popular
202369,fall 16,,40,34,36,3182,false,1480464000,popular
468318,REGEATON,,227,69,156,6326,false,1509408000,popular
101121,Workout Playlist ,,26,19,23,11745,false,1456531200,very popular
159077,Rock Hits,,56,54,54,22102,false,1509408000,very popular
383731,FEELS,"Jack's <a href=""http://instagram.com/thatsojack"">INSTAGRAM</a> - Jack's <a href=""http://twitter.com/jackbaran"">TWITTER</a> - Jack's <a href=""http://youtube.com/thatsojack"">YOUTUBE</a>",49,42,45,12604,false,1465862400,very popular
859628,pass the aux,"listen to my new single, <a href=""http://smarturl.it/NC-Again-Sp"">Again</a>, or watch the video <a href=""https://www.youtube.com/watch?v=G_SjnHwxWMU"">here</a>! follow this playlist to check out all of my new favorites tracks each week.",103,71,86,11618,false,1509062400,very popular
